[Header],,,,,,,,,,
IEMFileVersion,5,,,,,,,,,
Investigator Name,ER,,,,,,,,,
Experiment Name,G20-008,,,,,,,,,
Date,2020-02-26,,,,,,,,,
Workflow,GenerateFASTQ,,,,,,,,,
Application,NextSeq FASTQ Only,,,,,,,,,
Instrument Type,NextSeq/MiniSeq,,,,,,,,,
Assay,TruSeq Nano DNA,,,,,,,,,
Index Adapters,TruSeq DNA CD Indexes (96 Indexes),,,,,,,,,
Chemistry,Amplicon,,,,,,,,,
,,,,,,,,,,
[Reads],,,,,,,,,,
76,,,,,,,,,,
76,,,,,,,,,,
,,,,,,,,,,
[Settings],,,,,,,,,,
Adapter,AGATCGGAAGAGCACACGTCTGAACTCCAGTCA,,,,,,,,,
AdapterRead2,AGATCGGAAGAGCGTCGTGTAGGGAAAGAGTGT,,,,,,,,,
,,,,,,,,,,
[Data],,,,,,,,,,
Sample_ID,Sample_Name,Sample_Plate,Sample_Well,Index_Plate_Well,I7_Index_ID,index,I5_Index_ID,index2,Sample_Project,Description
,,,,A01,D701,TGACCAAT,D501,CAGGACGT,G20-008,
,,,,A02,D702,ACAGTGAT,D502,CAGGACGT,G20-008,
,,,,A03,D703,CAGATCAT,D503,CAGGACGT,G20-008,
,,,,A04,D704,ACTTGAAT,D504,CAGGACGT,G20-008,
,,,,A05,D705,CTTGTAAT,D505,CAGGACGT,G20-008,
,,,,A06,D706,AGTCAACA,D506,CAGGACGT,G20-008,
,,,,A07,D707,AGTTCCGT,D507,CAGGACGT,G20-008,
,,,,A08,D708,ATGTCAGA,D508,CAGGACGT,G20-008,
,,,,A09,D709,CCGTCCCG,D509,CAGGACGT,G20-008,
,,,,A10,D710,GTCCGCAC,D510,CAGGACGT,G20-008,
,,,,A11,D711,GTGAAACG,D511,CAGGACGT,G20-008,
,,,,A12,D712,CGTACGTA,D512,CAGGACGT,G20-008,
,,,,A13,D713,GAGTGGAT,D513,CAGGACGT,G20-008,
,,,,A14,D714,ACTGATAT,D514,CAGGACGT,G20-008,
,,,,A15,D715,TGACCAAT,D515,ATAGAGGC,G20-008,
,,,,A16,D716,ACAGTGAT,D516,ATAGAGGC,G20-008,
,,,,A17,D717,ACTTGAAT,D517,ATAGAGGC,G20-008,
,,,,A18,D718,GATCAGAT,D518,ATAGAGGC,G20-008,
,,,,A19,D719,GGCTACAT,D519,ATAGAGGC,G20-008,
,,,,A20,D720,CTTGTAAT,D520,ATAGAGGC,G20-008,
,,,,A21,D721,AGTTCCGT,D521,ATAGAGGC,G20-008,
,,,,A22,D722,ATGTCAGA,D522,ATAGAGGC,G20-008,
,,,,A23,D723,GTGAAACG,D523,ATAGAGGC,G20-008,
,,,,A24,D724,CGTACGTA,D524,ATAGAGGC,G20-008,
,,,,A25,D725,ACTGATAT,D525,ATAGAGGC,G20-008,
,,,,A26,D726,ATTCCTTT,D526,ATAGAGGC,G20-008,
